{"cameraMode":{"drawMode":0,"name":"Shaded","section":"Shading Mode"},"sceneLighting":true,"audioPlay":false,"sceneViewState":{"m_AlwaysRefresh":false,"showFog":true,"showSkybox":false,"showFlares":true,"showImageEffects":true,"showParticleSystems":true,"showVisualEffectGraphs":true,"m_FxEnabled":true},"in2DMode":false,"pivot":{"x":203.29588317871095,"y":111.4982681274414,"z":-193.37310791015626},"rotation":{"x":-0.025952769443392755,"y":0.38726142048835757,"z":0.010997266508638859,"w":0.921583354473114},"size":20.383628845214845,"orthographic":false}